2018	https://arxiv.org/abs/1812.00546	Learning the progression and clinical subtypes of Alzheimer's disease  from longitudinal clinical data	['disease', 'clinical']
2017	https://arxiv.org/abs/1710.05980	Safe Medicine Recommendation via Medical Knowledge Graph Embedding	['Medicine', 'Medical']
2018	https://arxiv.org/abs/1812.06594	Computational EEG in Personalized Medicine: A study in Parkinson's  Disease	['Medicine', 'Disease']
2018	https://arxiv.org/abs/1812.11183	Reproducible evaluation of diffusion MRI features for automatic  classification of patients with Alzheimers disease	['disease']
2018	https://arxiv.org/abs/1809.00029	Social Network Structure is Predictive of Health and Wellness	['Wellness', 'Health']
2018	https://arxiv.org/abs/1804.08261	Clinical Assistant Diagnosis for Electronic Medical Record Based on  Convolutional Neural Network	['Medical', 'Clinical']
2018	https://arxiv.org/abs/1812.09954	Self-Attention Equipped Graph Convolutions for Disease Prediction	['Disease']
2016	https://arxiv.org/abs/1602.00357	DeepCare: A Deep Dynamic Memory Model for Predictive Medicine	['Medicine']
2018	https://arxiv.org/abs/1811.04854	On the practice of classification learning for clinical diagnosis and  therapy advice in oncology	['clinical']
2018	https://arxiv.org/abs/1811.05402	Embedding Electronic Health Records for Clinical Information Retrieval	['Clinical', 'Health']
2017	https://arxiv.org/abs/1711.00671	Development and validation of a novel dementia of Alzheimer's type (DAT)  score based on metabolism FDG-PET imaging	[]
2016	https://arxiv.org/abs/1607.07712	Review on Telemonitoring of Maternal Health care Targeting Medical  Cyber-Physical Systems	['Medical', 'Health']
2017	https://arxiv.org/abs/1706.09372	Research Opportunities and Visions for Smart and Pervasive Health	['Health']
2018	https://arxiv.org/abs/1803.04180	The organizing vision of integrated health information systems	['health']
2014	https://arxiv.org/abs/1411.1387	Electronic Health Records and Cloud based Generic Medical Equipment  Interface	['Medical', 'Health']
2018	https://arxiv.org/abs/1805.01129	Does Journaling Encourage Healthier Choices? Analyzing Healthy Eating  Behaviors of Food Journalers	[]
2018	https://arxiv.org/abs/1805.03278	Fully Automated Segmentation of Hyperreflective Foci in Optical  Coherence Tomography Images	[]
2018	https://arxiv.org/abs/1805.01130	Eat & Tell: A Randomized Trial of Random-Loss Incentive to Increase  Dietary Self-Tracking Compliance	[]
2018	https://arxiv.org/abs/1801.02476	Semi-automated Annotation of Signal Events in Clinical EEG Data	['Clinical']
2018	https://arxiv.org/abs/1805.02125	Estimation and Tracking of AP-diameter of the Inferior Vena Cava in  Ultrasound Images Using a Novel Active Circle Algorithm	[]
2016	https://arxiv.org/abs/1607.08479	Hegemonic structure of basic, clinical and patented knowledge on Ebola  research: a US army reductionist initiative	['clinical']
2017	https://arxiv.org/abs/1711.07980	Finding Algebraic Structure of Care in Time: A Deep Learning Approach	[]
2016	https://arxiv.org/abs/1602.03686	Medical Concept Representation Learning from Electronic Health Records  and its Application on Heart Failure Prediction	['Medical', 'Health']
2018	https://arxiv.org/abs/1806.00931	Holographic Neural Architectures	[]
2018	https://arxiv.org/abs/1805.11191	Learning From Less Data: Diversified Subset Selection and Active  Learning in Image Classification Tasks	[]
2014	https://arxiv.org/abs/1403.7766	Enhancing Automated Decision Support across Medical and Oral Health  Domains with Semantic Web Technologies	['Medical', 'Health']
2018	https://arxiv.org/abs/1803.10045	Kinetic Compressive Sensing	[]
2018	https://arxiv.org/abs/1805.09799	Prediction of Autism Treatment Response from Baseline fMRI using Random  Forests and Tree Bagging	[]
2015	https://arxiv.org/abs/1506.00571	Calculation of the confidence bounds for the fraction nonconforming of  normal populations of measurements in clinical laboratory medicine	['medicine', 'clinical']
2007	https://arxiv.org/abs/0707.0763	The Requirements for Ontologies in Medical Data Integration: A Case  Study	['Medical']
2017	https://arxiv.org/abs/1712.02547	Persuasive Technology in Reducing Prolonged Sedentary Behavior at Work:  A Systematic Review	[]
2018	https://arxiv.org/abs/1803.03760	Efficient Determination of Equivalence for Encrypted Data	[]
2017	https://arxiv.org/abs/1709.01872	Synthetic Medical Images from Dual Generative Adversarial Networks	['Medical']
2003	https://arxiv.org/abs/cs.DC/0306095	The MammoGrid Project Grids Architecture	[]
2017	https://arxiv.org/abs/1712.09771	Automatic Analysis of EEGs Using Big Data and Hybrid Deep Learning  Architectures	[]
2017	https://arxiv.org/abs/1801.00182	A Real-time and Registration-free Framework for Dynamic Shape  Instantiation	[]
2017	https://arxiv.org/abs/1703.09828	A Framework for Evaluating Epidemic Forecasts	[]
2006	https://arxiv.org/abs/cs.DC/0603035	Final Results from and Exploitation Plans for MammoGrid	[]
2018	https://arxiv.org/abs/1801.01847	Learning Implicit Brain MRI Manifolds with Deep Learning	[]
2017	https://arxiv.org/abs/1709.07357	Retrofitting Concept Vector Representations of Medical Concepts to  Improve Estimates of Semantic Similarity and Relatedness	['Medical']
2004	https://arxiv.org/abs/cs.DB/0402025	A perspective on the Healthgrid initiative	[]
2004	https://arxiv.org/abs/cs.DB/0405072	Grid Databases for Shared Image Analysis in the MammoGrid Project	[]
2003	https://arxiv.org/abs/cs.CC/0305008	A Representation of Changes of Images and its Application for  Developmental Biolology	[]
2013	https://arxiv.org/abs/1312.0735	Use of the C4.5 machine learning algorithm to test a clinical  guideline-based decision support system	['clinical']
2006	https://arxiv.org/abs/cs.CL/0604027	Unification of multi-lingual scientific terminological resources using  the ISO 16642 standard. The TermSciences initiative	[]
2018	https://arxiv.org/abs/1801.05694	A modified fuzzy C means algorithm for shading correction in  craniofacial CBCT images	[]
2018	https://arxiv.org/abs/1802.02088	A Log-Euclidean and Total Variation based Variational Framework for  Computational Sonography	[]
2005	https://arxiv.org/abs/cs.NE/0504057	Diagnostic Rule Extraction Using Neural Networks	[]
2005	https://arxiv.org/abs/cs.DC/0507042	The MammoGrid Virtual Organisation - Federating Distributed Mammograms	[]
2017	https://arxiv.org/abs/1703.02116	Evaluation of Machine Learning Methods to Predict Coronary Artery  Disease Using Metabolomic Data	['Disease']
2013	https://arxiv.org/abs/1305.7331	Alternating Decision trees for early diagnosis of dengue fever	[]
2002	https://arxiv.org/abs/cs.NE/0201024	Design of statistical quality control procedures using genetic algorithms	[]
2017	https://arxiv.org/abs/1706.00712	Convolutional Neural Networks for Medical Image Analysis: Full Training  or Fine Tuning?	['Medical', 'or']
2017	https://arxiv.org/abs/1703.08813	Tweet for Behavior Change: Using Social Media for the Dissemination of  Public Health Messages	['Health']
2016	https://arxiv.org/abs/1605.02041	Mapping knowledge translation and innovation processes in Cancer Drug  Development: the case of liposomal doxorubicin	[]
2013	https://arxiv.org/abs/1311.4180	Towards a New Science of a Clinical Data Intelligence	['Clinical']
2016	https://arxiv.org/abs/1609.09065	Better Data Visibility & Data Use Result in Lower Cost and Improved  Performance in Medicine Supply Chains	['Medicine']
2016	https://arxiv.org/abs/1607.02235	From Collective Adaptive Systems to Human Centric Computation and Back:  Spatial Model Checking for Medical Imaging	['Medical']
2012	https://arxiv.org/abs/1207.6179	Framework of Social Customer Relationship Management in E-Health  Services	['Health']
2004	https://arxiv.org/abs/cs.RO/0412055	Robotic Applications in Cardiac Surgery	[]
2017	https://arxiv.org/abs/1709.02116	Unreported links between trial registrations and published articles were  identified using document similarity measures in a cross-sectional analysis  of ClinicalTrials.gov	[]
2017	https://arxiv.org/abs/1711.04592	Vertebral body segmentation with GrowCut: Initial experience, workflow  and practical application	[]
2017	https://arxiv.org/abs/1709.03450	UI-Net: Interactive Artificial Neural Networks for Iterative Image  Segmentation Based on a User Model	[]
2015	https://arxiv.org/abs/1511.02281	Robotics Technology in Mental Health Care	['Health']
2017	https://arxiv.org/abs/1712.00542	Splenomegaly Segmentation using Global Convolutional Kernels and  Conditional Generative Adversarial Networks	[]
2013	https://arxiv.org/abs/1312.0750	A semi-automatic semantic method for mapping SNOMED CT concepts to VCM  Icons	[]
2017	https://arxiv.org/abs/1711.11386	MR image reconstruction using deep density priors	[]
2017	https://arxiv.org/abs/1710.01758	Accelerating CS in Parallel Imaging Reconstructions Using an Efficient  and Effective Circulant Preconditioner	[]
2004	https://arxiv.org/abs/cs.AI/0407008	Autogenic Training With Natural Language Processing Modules: A Recent  Tool For Certain Neuro Cognitive Studies	[]
2015	https://arxiv.org/abs/1512.08051	A Multiresolution Clinical Decision Support System Based on Fractal  Model Design for Classification of Histological Brain Tumours	['Clinical']
2017	https://arxiv.org/abs/1709.09641	Neural Multi-Atlas Label Fusion: Application to Cardiac MR Images	[]
2017	https://arxiv.org/abs/1712.00543	Improved Stability of Whole Brain Surface Parcellation with Multi-Atlas  Segmentation	[]
2017	https://arxiv.org/abs/1711.03180	Deep D-bar: Real time Electrical Impedance Tomography Imaging with Deep  Neural Networks	[]
2017	https://arxiv.org/abs/1709.07250	Real-time predictive maintenance for wind turbines using Big Data  frameworks	[]
2005	https://arxiv.org/abs/cs.NE/0504069	A Neural-Network Technique to Learn Concepts from Electroencephalograms	[]
2005	https://arxiv.org/abs/cs.NE/0504052	Learning Multi-Class Neural-Network Models from Electroencephalograms	[]
2014	https://arxiv.org/abs/1410.4303	Digital Investigation of Security Attacks on Cardiac Implantable Medical  Devices	['Medical']
2004	https://arxiv.org/abs/cs.OH/0412010	Toward a Human-Centered Uml for Risk Analysis	[]
2005	https://arxiv.org/abs/cs.NE/0504058	Polynomial Neural Networks Learnt to Classify EEG Signals	[]
2015	https://arxiv.org/abs/1510.04972	Normalization of Relative and Incomplete Temporal Expressions in  Clinical Narratives	['Clinical']
2003	https://arxiv.org/abs/cs.CY/0311050	Data mining and Privacy in Public Sector using Intelligent Agents  (discussion paper)	[]
2013	https://arxiv.org/abs/1303.3229	FindZebra: A search engine for rare diseases	['disease']
2016	https://arxiv.org/abs/1605.06838	Causality on Longitudinal Data: Stable Specification Search in  Constrained Structural Equation Modeling	[]
2006	https://arxiv.org/abs/cs.DC/0608047	Lessons Learned from MammoGrid for Integrated Biomedical Solutions	[]
2003	https://arxiv.org/abs/cs.DC/0302019	Economic and On Demand Brain Activity Analysis on Global Grids	[]
2013	https://arxiv.org/abs/1304.6473	Technical report: Linking the scientific and clinical data with  KI2NA-LHC	['clinical']
2012	https://arxiv.org/abs/1204.4093	Utilizing RxNorm to Support Practical Computing Applications: Capturing  Medication History in Live Electronic Health Records	['Health']
2000	https://arxiv.org/abs/cs.NE/0012020	Creativity and Delusions: A Neurocomputational Approach	[]
2017	https://arxiv.org/abs/1703.08516	Radiomics strategies for risk assessment of tumour failure in  head-and-neck cancer	[]
2005	https://arxiv.org/abs/cs.NE/0504055	A Learning Algorithm for Evolving Cascade Neural Networks	[]
2017	https://arxiv.org/abs/1706.00856	Multiple Kernel Learning and Automatic Subspace Relevance Determination  for High-dimensional Neuroimaging Data	[]
2017	https://arxiv.org/abs/1704.00447	Learning a Variational Network for Reconstruction of Accelerated MRI  Data	[]
2005	https://arxiv.org/abs/cs.NE/0504056	Self-Organizing Multilayered Neural Networks of Optimal Complexity	[]
2013	https://arxiv.org/abs/1305.5665	Validity of a clinical decision rule based alert system for drug dose  adjustment in patients with renal failure intended to improve pharmacists'  analysis of medication orders in hospitals	['clinical']
2017	https://arxiv.org/abs/1707.06474	Learned Primal-dual Reconstruction	[]
2016	https://arxiv.org/abs/1610.01390	Reliability of PET/CT shape and heterogeneity features in functional and  morphological components of Non-Small Cell Lung Cancer tumors: a  repeatability analysis in a prospective multi-center cohort	[]
2017	https://arxiv.org/abs/1705.07879	Enhancement of Epidemiological Models for Dengue Fever Based on Twitter  Data	[]
2005	https://arxiv.org/abs/cs.IR/0512085	Analyzing and Visualizing the Semantic Coverage of Wikipedia and Its  Authors	[]
2016	https://arxiv.org/abs/1610.04097	Automatic View-Point Selection for Inter-Operative Endoscopic  Surveillance	[]
2002	https://arxiv.org/abs/cs.NE/0206001	Neural Net Model for Featured Word Extraction	[]
2001	https://arxiv.org/abs/cs.CY/0108014	What's Fit To Print: The Effect Of Ownership Concentration On Product  Variety In Daily Newspaper Markets	[]
2006	https://arxiv.org/abs/cs.DL/0606079	Ten-Year Cross-Disciplinary Comparison of the Growth of Open Access and  How it Increases Research Citation Impact	[]
2003	https://arxiv.org/abs/cs.DC/0307021	Tools and Techniques for Managing Clusters for SciDAC Lattice QCD at  Fermilab	[]
2017	https://arxiv.org/abs/1707.08381	Prediction of amino acid side chain conformation using a deep neural  network	[]
2007	https://arxiv.org/abs/0711.4523	Robot-based tele-echography: clinical evaluation of the TER system in  abdominal aortic exploration	['clinical']
2016	https://arxiv.org/abs/1605.02559	Robust imaging of hippocampal inner structure at 7T: in vivo acquisition  protocol and methodological choices	[]
2017	https://arxiv.org/abs/1704.01466	A Unified Multi-Faceted Video Summarization System	[]
2017	https://arxiv.org/abs/1703.10480	A deep learning classification scheme based on augmented-enhanced  features to segment organs at risk on the optic region in brain cancer  patients	[]
2006	https://arxiv.org/abs/cs.DL/0612132	A New Era in Citation and Bibliometric Analyses: Web of Science, Scopus,  and Google Scholar	[]
2016	https://arxiv.org/abs/1606.06702	Crowdsourcing for Identification of Polyp-Free Segments in Virtual  Colonoscopy Videos	[]
2018	https://arxiv.org/abs/1811.05402	Embedding Electronic Health Records for Clinical Information Retrieval	['Clinical', 'Health']
2018	https://arxiv.org/abs/1804.08261	Clinical Assistant Diagnosis for Electronic Medical Record Based on  Convolutional Neural Network	['Medical', 'Clinical']
2018	https://arxiv.org/abs/1812.01813	Machine-learned epidemiology: real-time detection of foodborne illness  at scale	['illness']
2018	https://arxiv.org/abs/1807.08841	Characterizing health informatics journals by subject-level  dependencies: a citation network analysis	['health']
2018	https://arxiv.org/abs/1806.10128	Leveraging Disease Progression Learning for Medical Image Recognition	['Disease', 'Medical']
2018	https://arxiv.org/abs/1812.06354	Verifying the Medical Specialty from User Profile of Online Community  for Health-Related Advices	['Medical', 'Health']
2018	https://arxiv.org/abs/1809.08422	Medical Knowledge Embedding Based on Recursive Neural Network for  Multi-Disease Diagnosis	['Disease', 'Medical']
2018	https://arxiv.org/abs/1810.09593	MiME: Multilevel Medical Embedding of Electronic Health Records for  Predictive Healthcare	['Medical', 'Health']
2018	https://arxiv.org/abs/1803.05848	Towards Clinical Diagnosis: Automated Stroke Lesion Segmentation on  Multimodal MR Image Using Convolutional Neural Network	['Clinical']
2005	https://arxiv.org/abs/cs.AI/0504041	Learning Polynomial Networks for Classification of Clinical  Electroencephalograms	['Clinical']
2017	https://arxiv.org/abs/1708.06458	(Tissue) P Systems with Vesicles of Multisets	[]
2016	https://arxiv.org/abs/1612.03979	On the Formal Development of Behavioral Reactive Agents: A Systematic  Braitenberg-Vehicle Approach	[]
2016	https://arxiv.org/abs/1608.00936	Multimodal Brain Visualization	[]
2001	https://arxiv.org/abs/cs.DC/0111022	Distributed Computing for Localized and Multilayer Visualizations	[]
2016	https://arxiv.org/abs/1601.03375	Multi-Atlas Segmentation with Joint Label Fusion of Osteoporotic  Vertebral Compression Fractures on CT	[]
2005	https://arxiv.org/abs/cs.AI/0504071	Proceedings of the Pacific Knowledge Acquisition Workshop 2004	[]
2002	https://arxiv.org/abs/cs.LG/0212041	Robust Classification with Context-Sensitive Features	[]
1997	https://arxiv.org/abs/cmp-lg/9707007	Tailored Patient Information: Some Issues and Questions	[]
2001	https://arxiv.org/abs/cs.CY/0109052	Globalization and Governance in Cyberspace: Mapping the Processes of  Emergent Regime Formation in Global Information and Communications Policy	[]
2001	https://arxiv.org/abs/cs.CE/0110048	Multivariant Branching Prediction, Reflection, and Retrospection	[]
2006	https://arxiv.org/abs/cs.HC/0606107	Human Information Processing with the Personal Memex	[]
2015	https://arxiv.org/abs/1509.00083	Metastatic liver tumour segmentation from discriminant Grassmannian  manifolds	[]
2015	https://arxiv.org/abs/1512.08047	Assessment of texture measures susceptibility to noise in conventional  and contrast enhanced computed tomography lung tumour images	[]
2014	https://arxiv.org/abs/1406.6946	An improved computer vision method for detecting white blood cells	[]
2001	https://arxiv.org/abs/cs.CR/0104004	Secure Counting: counting members of a subset without revealing their  identities	[]
2004	https://arxiv.org/abs/cs.AI/0405008	A Comparative Study of Fuzzy Classification Methods on Breast Cancer  Data	[]
2013	https://arxiv.org/abs/1312.0736	A generic system for critiquing physicians' prescriptions: usability,  satisfaction and lessons learnt	[]
2015	https://arxiv.org/abs/1512.07951	A Combined Deep-Learning and Deformable-Model Approach to Fully  Automatic Segmentation of the Left Ventricle in Cardiac MRI	[]
2005	https://arxiv.org/abs/cs.CV/0502095	Gradient Vector Flow Models for Boundary Extraction in 2D Images	[]
2005	https://arxiv.org/abs/cs.AI/0504042	The Bayesian Decision Tree Technique with a Sweeping Strategy	[]
2002	https://arxiv.org/abs/cs.LG/0212031	Contextual Normalization Applied to Aircraft Gas Turbine Engine Diagnosis	[]
2006	https://arxiv.org/abs/cs.CE/0612087	Statistical mechanics of neocortical interactions: Portfolio of  Physiological Indicators	[]
2016	https://arxiv.org/abs/1603.01488	A knowledge representation meta-model for rule-based modelling of  signalling networks	[]
2005	https://arxiv.org/abs/cs.LG/0511075	"Identifying Interaction Sites in ""Recalcitrant"" Proteins: Predicted  Protein and Rna Binding Sites in Rev Proteins of Hiv-1 and Eiav Agree with  Experimental Data"	[]
2004	https://arxiv.org/abs/cs.CC/0412097	The Computational Power of Benenson Automata	[]
2006	https://arxiv.org/abs/cs.DC/0611084	Large Scale In Silico Screening on Grid Infrastructures	[]
2014	https://arxiv.org/abs/1409.6498	Unified Heat Kernel Regression for Diffusion, Kernel Smoothing and  Wavelets on Manifolds and Its Application to Mandible Growth Modeling in CT  Images	[]
2014	https://arxiv.org/abs/1403.0500	Automating Fault Tolerance in High-Performance Computational Biological  Jobs Using Multi-Agent Approaches	[]
2014	https://arxiv.org/abs/1404.0444	Setting Parameters for Biological Models With ANIMO	[]
2013	https://arxiv.org/abs/1302.3155	Morphological Analusis Of The Left Ventricular Eendocardial Surface  Using A Bag-Of-Features Descriptor	[]
2005	https://arxiv.org/abs/cs.NE/0504067	An Evolving Cascade Neural Network Technique for Cleaning Sleep  Electroencephalograms	[]
2004	https://arxiv.org/abs/cs.RO/0411025	Bionic Humans Using EAP as Artificial Muscles Reality and Challenges	[]
2014	https://arxiv.org/abs/1410.3199	Applied Neural Cross-Correlation into the Curved Trajectory Detection  Process for Braitenberg Vehicles	[]
2014	https://arxiv.org/abs/1405.3574	Fast T2 Mapping with Improved Accuracy Using Undersampled Spin-echo MRI  and Model-based Reconstructions with a Generating Function	[]
2005	https://arxiv.org/abs/cs.AI/0510083	Neuronal Spectral Analysis of EEG and Expert Knowledge Integration for  Automatic Classification of Sleep Stages	[]
2002	https://arxiv.org/abs/cs.CL/0209003	Rerendering Semantic Ontologies: Automatic Extensions to UMLS through  Corpus Analytics	[]
2005	https://arxiv.org/abs/cs.NE/0504068	Self-Organization of the Neuron Collective of Optimal Complexity	[]
2011	https://arxiv.org/abs/1102.1101	Total variation regularization for fMRI-based prediction of behaviour	[]
2004	https://arxiv.org/abs/cs.IR/0408001	Semantic Linking - a Context-Based Approach to Interactivity in  Hypermedia	[]
2007	https://arxiv.org/abs/cs.IR/0703033	Time Warp Edit Distances with Stiffness Adjustment for Time Series  Matching	[]
2001	https://arxiv.org/abs/cs.CY/0109058	Profiling Internet Users' Participation in Social Change Agendas: An  application of Q methodology	[]
2004	https://arxiv.org/abs/cs.CV/0405093	Computerized Face Detection and Recognition	[]
2006	https://arxiv.org/abs/cs.CE/0604090	Simplicial models of social aggregation I	[]
2006	https://arxiv.org/abs/cs.IR/0604036	Collaborative thesaurus tagging the Wikipedia way	[]
2007	https://arxiv.org/abs/cs.DL/0701101	Citation advantage of Open Access articles likely explained by quality  differential and media effects	[]
2004	https://arxiv.org/abs/cs.CL/0412024	Human-Level Performance on Word Analogy Questions by Latent Relational  Analysis	[]
2006	https://arxiv.org/abs/cs.CR/0608034	Security Assessment of E-Tax Filing Websites	[]
2005	https://arxiv.org/abs/cs.NE/0504059	A Neural Network Decision Tree for Learning Concepts from EEG Data	[]
2006	https://arxiv.org/abs/cs.CR/0411041	Content Based Image Retrieval with Mobile Agents and Steganography	[]
2006	https://arxiv.org/abs/cs.CL/0609059	Automatic annotation of multilingual text collections with a conceptual  thesaurus	[]
2006	https://arxiv.org/abs/cs.DC/0605056	Utility Computing and Global Grids	[]
1999	https://arxiv.org/abs/cs.CY/9904010	Beyond Concern: Understanding Net Users' Attitudes About Online Privacy	[]
2003	https://arxiv.org/abs/cs.GR/0311034	Visualization of variations in human brain morphology using  differentiating reflection functions	[]
2001	https://arxiv.org/abs/cs.CY/0109114	The Consumer Product Selection Process in an Internet Age: Obstacles to  Maximum Effectiveness & Policy Options	[]
2001	https://arxiv.org/abs/cs.CY/0109043	PUC Autonomy and Policy Innovation: Local Telephone Competition in  Arkansas and New York	[]
2005	https://arxiv.org/abs/cs.GR/0512098	Mathematical models of the complex surfaces in simulation and  visualization systems	[]
2002	https://arxiv.org/abs/cs.LG/0212034	Types of Cost in Inductive Concept Learning	[]
2003	https://arxiv.org/abs/cs.DC/0306067	The AliEn system, status and perspectives	[]
2003	https://arxiv.org/abs/cs.DC/0306068	AliEn Resource Brokers	[]
2001	https://arxiv.org/abs/cs.CL/0109013	Conceptual Analysis of Lexical Taxonomies: The Case of WordNet Top-Level	[]
2001	https://arxiv.org/abs/cs.CY/0109035	Revenge of the Bell Heads: How the Net Heads Lost Control of the Internet	[]
2011	https://arxiv.org/abs/1106.0041	Assessing the consistency of community structure in complex networks	[]
2006	https://arxiv.org/abs/cs.DC/0602061	The Computational and Storage Potential of Volunteer Computing	[]
2002	https://arxiv.org/abs/cs.NA/0209020	A new definition of the fractional Laplacian	[]
2002	https://arxiv.org/abs/cs.DB/0211023	SkyQuery: A WebService Approach to Federate Databases	[]
2001	https://arxiv.org/abs/cs.CY/0109079	National Information Infrastructure Development in Canada and the U.S.:  Redefining Universal Service and Universal Access in the Age of  Techno-Economic Convergence	[]
2000	https://arxiv.org/abs/cs.IR/0003001	Making news understandable to computers	[]
2002	https://arxiv.org/abs/cs.LG/0212037	The Management of Context-Sensitive Features: A Review of Strategies	[]
2002	https://arxiv.org/abs/cs.DC/0204048	Economic-based Distributed Resource Management and Scheduling for Grid  Computing	[]
2000	https://arxiv.org/abs/cs.DL/0009004	A usage based analysis of CoRR	[]
2001	https://arxiv.org/abs/cs.CY/0109032	The Internet, 1995-2000: Access, Civic Involvement, and Social  Interaction	[]
2001	https://arxiv.org/abs/cs.CY/0109096	CyberCampaigns and Canadian Politics: Still Waiting?	[]
2004	https://arxiv.org/abs/cs.AI/0412080	The Biological Concept of Neoteny in Evolutionary Colour Image  Segmentation - Simple Experiments in Simple Non-Memetic Genetic Algorithms	[]
2004	https://arxiv.org/abs/cs.IR/0410055	Mathematical knowledge management is needed	[]
2005	https://arxiv.org/abs/cs.NE/0505044	Separating a Real-Life Nonlinear Image Mixture	[]
2003	https://arxiv.org/abs/cs.DB/0310006	The Lowell Database Research Self Assessment	[]
2004	https://arxiv.org/abs/cs.CR/0411005	A Directed Threshold - Signature Scheme	[]
2004	https://arxiv.org/abs/cs.DL/0411091	Principles for Digital Preservation	[]
2004	https://arxiv.org/abs/cs.RO/0411020	Dynamic Modelling and Adaptive Traction Control for Mobile Robots	[]
2004	https://arxiv.org/abs/cs.AI/0405031	Adaptation of Mamdani Fuzzy Inference System Using Neuro - Genetic  Approach for Tactical Air Combat Decision Support System	[]
2004	https://arxiv.org/abs/cs.CR/0409036	A Directed Signature Scheme and its Applications	[]
2004	https://arxiv.org/abs/cs.CR/0409049	A Directed -Threshold Multi-Signature Scheme	[]
2006	https://arxiv.org/abs/cs.CL/0609053	Navigating multilingual news collections using automatically extracted  information	[]
2005	https://arxiv.org/abs/cs.CR/0510013	Safe Data Sharing and Data Dissemination on Smart Devices	[]
2006	https://arxiv.org/abs/cs.DB/0612128	SASE: Complex Event Processing over Streams	[]
2001	https://arxiv.org/abs/cs.AI/0106005	The Representation of Legal Contracts	[]
2004	https://arxiv.org/abs/cs.AI/0405026	A Concurrent Fuzzy-Neural Network Approach for Decision Support Systems	[]
2001	https://arxiv.org/abs/cs.AI/0106006	A Constraint-Driven System for Contract Assembly	[]
2006	https://arxiv.org/abs/cs.SE/0603037	Deriving Conceptual Data Models from Domain Ontologies for  Bioinformatics	[]
2001	https://arxiv.org/abs/cs.CY/0109071	The Impact of Incentives in the Telecommunications Act of 1996 on  Corporate Strategies	[]
2004	https://arxiv.org/abs/cs.AI/0412084	Map Segmentation by Colour Cube Genetic K-Mean Clustering	[]
2004	https://arxiv.org/abs/cs.AI/0412087	Image Colour Segmentation by Genetic Algorithms	[]
2001	https://arxiv.org/abs/cs.DC/0004014	Cluster Computing White Paper	[]
2005	https://arxiv.org/abs/cs.DL/0504084	The Convergence of Digital-Libraries and the Peer-Review Process	[]
2002	https://arxiv.org/abs/cs.MA/0211030	Integration of Computational Techniques for the Modelling of Signal  Transduction	[]
2003	https://arxiv.org/abs/cs.AI/0309036	A Neural Network Assembly Memory Model Based on an Optimal Binary Signal  Detection Theory	[]
2002	https://arxiv.org/abs/cs.CL/0207002	Using eigenvectors of the bigram graph to infer morpheme identity	[]
2003	https://arxiv.org/abs/cs.CL/0306130	Anusaaraka: Machine Translation in Stages	[]
2006	https://arxiv.org/abs/cs.DC/0604071	Distributed Metadata with the AMGA Metadata Catalog	[]
2001	https://arxiv.org/abs/cs.CY/0109098	The Influence of Policy Regimes on the Development and Social  Implications of Privacy Enhancing Technologies	[]
2018	https://arxiv.org/abs/1812.09954	Self-Attention Equipped Graph Convolutions for Disease Prediction	['Disease']
2017	https://arxiv.org/abs/1711.09192	Communication and Synchronization of Distributed Medical Models: Design,  Development, and Performance Analysis	['Medical']
2018	https://arxiv.org/abs/1808.04928	Deep EHR: Chronic Disease Prediction Using Medical Notes	['Disease', 'Medical']
2006	https://arxiv.org/abs/cs.DB/0609144	The Management and Integration of Biomedical Knowledge: Application in  the Health-e-Child Project (Position Paper)	['Health']
2004	https://arxiv.org/abs/cs.DB/0405087	A Grid Information Infrastructure for Medical Image Analysis	['Medical']
2017	https://arxiv.org/abs/1708.03447	Unified Neural Architecture for Drug, Disease and Clinical Entity  Recognition	['Disease', 'Clinical']
2005	https://arxiv.org/abs/cs.AI/0504064	Neural-Network Techniques for Visual Mining Clinical  Electroencephalograms	['Clinical']
2018	https://arxiv.org/abs/1802.05695	Explainable Prediction of Medical Codes from Clinical Text	['Medical', 'Clinical']
2018	https://arxiv.org/abs/1812.01087	Disease Detection in Weakly Annotated Volumetric Medical Images using a  Convolutional LSTM Network	['Disease', 'Medical']
2018	https://arxiv.org/abs/1810.03044	Artificial Intelligence for Diabetes Case Management: The Intersection  of Physical and Mental Health	['Health']
2001	https://arxiv.org/abs/cs.CY/0109083	Electronic Access to Information and the Privacy Paradox: Rethinking  :'Practical Obscurity'	[]
2004	https://arxiv.org/abs/cs.CR/0409050	Some Applications of Directed Signature Scheme	[]
2004	https://arxiv.org/abs/cs.DC/0411045	Usage Policy-based CPU Sharing in VOs	[]
2003	https://arxiv.org/abs/cs.AI/0309007	ROC Curves Within the Framework of Neural Network Assembly Memory Model:  Some Analytic Results	[]
2000	https://arxiv.org/abs/cs.AI/0003004	A database and lexicon of scripts for ThoughtTreasure	[]
2002	https://arxiv.org/abs/cs.MA/0211029	Modelling intracellular signalling networks using behaviour-based  systems and the blackboard architecture	[]
2007	https://arxiv.org/abs/cs.NI/0703108	Wireless Lan to Support Multimedia Communication Using Spread Spectrum  Technology	[]
2006	https://arxiv.org/abs/cs.IR/0606105	Iso9000 Based Advanced Quality Approach for Continuous Improvement of  Manufacturing Processes	[]
2006	https://arxiv.org/abs/cs.AI/0609137	Ontologies and Information Extraction	[]
2002	https://arxiv.org/abs/cs.CC/0207055	The Rise and Fall of the Church-Turing Thesis	[]
2001	https://arxiv.org/abs/cs.CY/0109113	Digital Arroyos: An Examination of State Policy and Regulated Market  Boundaries in Constructing Rural Internet Access	[]
2005	https://arxiv.org/abs/cs.IR/0503020	Earlier Web Usage Statistics as Predictors of Later Citation Impact	[]
2007	https://arxiv.org/abs/cs.DL/0612091	Bias in the journal impact factor	[]
2006	https://arxiv.org/abs/cs.CR/0603030	A Service-Centric Approach to a Parameterized RBAC Service	[]
2006	https://arxiv.org/abs/cs.AI/0604009	Can an Organism Adapt Itself to Unforeseen Circumstances?	[]
2007	https://arxiv.org/abs/cs.AI/0701174	Using Course Constraints in Simulating Student Populations	[]
2001	https://arxiv.org/abs/cs.CY/0109090	Telecommunications and rural economies: Findings from the Appalachian  region	[]
2001	https://arxiv.org/abs/cs.CY/0109076	Out of the Loop: Problems in the development of next generation  community networks	[]
2006	https://arxiv.org/abs/cs.CR/0601020	The Evolution of Cyberinsurance	[]
2004	https://arxiv.org/abs/cs.HC/0409041	Four Principles Fundamental to Design Practice for Human Centred Systems	[]
2001	https://arxiv.org/abs/cs.CY/0109068	Second-Level Digital Divide: Mapping Differences in People's Online  Skills	[]
2006	https://arxiv.org/abs/cs.CL/0609064	Exploiting multilingual nomenclatures and language-independent text  features as an interlingua for cross-lingual text analysis applications	[]
2001	https://arxiv.org/abs/cs.DC/0111031	Large-Scale Corba-Distributed Software Framework for Nif Controls	[]
2006	https://arxiv.org/abs/cs.DB/0608052	GDF - A general dataformat for BIOSIGNALS	[]
2005	https://arxiv.org/abs/cs.MA/0509050	Effect of door delay on aircraft evacuation time	[]
2003	https://arxiv.org/abs/cs.AR/0307035	Adaptive Domain Model: Dealing With Multiple Attributes of Self-Managing  Distributed Object Systems	[]
2003	https://arxiv.org/abs/cs.DC/0309026	A thought experiment on Quantum Mechanics and Distributed Failure  Detection	[]
2006	https://arxiv.org/abs/cs.RO/0601062	Study of Self-Organization Model of Multiple Mobile Robot	[]
2006	https://arxiv.org/abs/cs.RO/0601040	New Technologies for Sustainable Urban Transport in Europe	[]
2006	https://arxiv.org/abs/cs.CV/0601105	The Perceptron Algorithm: Image and Signal Decomposition, Compression,  and Analysis by Iterative Gaussian Blurring	[]
2001	https://arxiv.org/abs/cs.GL/0106022	One More Revolution to Make: Free Scientific Publishing	[]
2007	https://arxiv.org/abs/cs.DL/0701074	On the robustness of the h-index	[]
2003	https://arxiv.org/abs/cs.CY/0304034	Revolutionary Ideas for Radio Regulation	[]
2001	https://arxiv.org/abs/cs.CY/0109107	Is Patent Law Technology Specific?	[]
2004	https://arxiv.org/abs/cs.LG/0405104	Knowledge Reduction and Discovery based on Demarcation Information	[]
2002	https://arxiv.org/abs/cs.CE/0208030	A direct time-domain FEM modeling of broadband frequency-dependent  absorption with the presence of matrix fractional power: Model I	[]
2005	https://arxiv.org/abs/cs.AI/0505081	An ontological approach to the construction of problem-solving models	[]
2009	https://arxiv.org/abs/0911.4650	CanICA: Model-based extraction of reproducible group-level ICA patterns  from fMRI time series	[]
2007	https://arxiv.org/abs/cs.IR/0702109	AMIE: An annotation model for information research	[]
2008	https://arxiv.org/abs/0801.2666	MRI/TRUS data fusion for prostate brachytherapy. Preliminary results	[]
2001	https://arxiv.org/abs/cs.CY/0109012	Is There a There There: Towards Greater Certainty for Internet  Jurisdiction	[]
2009	https://arxiv.org/abs/0906.5022	Chemical Power for Microscopic Robots in Capillaries	[]
2001	https://arxiv.org/abs/cs.CY/0109111	Quality of service monitoring: Performance metrics across proprietary  content domains	[]
2003	https://arxiv.org/abs/cs.LG/0307055	Learning Analogies and Semantic Relations	[]
2005	https://arxiv.org/abs/cs.OH/0512047	Processing Uncertainty and Indeterminacy in Information Systems success  mapping	[]
2006	https://arxiv.org/abs/cs.AR/0609029	Reversible Programmable Logic Array (RPLA) using Fredkin & Feynman Gates  for Industrial Electronics and Applications	[]
2005	https://arxiv.org/abs/cs.CV/0507058	Paving the Way for Image Understanding: A New Kind of Image  Decomposition is Desired	[]
2001	https://arxiv.org/abs/cs.CY/0109075	ICANN and Antitrust	[]
1998	https://arxiv.org/abs/cs.AI/9812010	Towards a computational theory of human daydreaming	[]
2005	https://arxiv.org/abs/cs.CY/0106033	location.location.location: Internet Addresses as Evolving Property	[]
2004	https://arxiv.org/abs/cs.HC/0405045	Culture and International Usability Testing: The Effects of Culture in  Structured Interviews	[]
2006	https://arxiv.org/abs/cs.CL/0609058	The JRC-Acquis: A multilingual aligned parallel corpus with 20+  languages	[]
1998	https://arxiv.org/abs/cs.SE/9811011	Case Study in Survivable Network System Analysis	[]
2007	https://arxiv.org/abs/cs.CY/0703004	Accelerating Socio-Technological Evolution: from ephemeralization and  stigmergy to the global brain	[]
2004	https://arxiv.org/abs/cs.IR/0408004	Hypermedia Learning Objects System - On the Way to a Semantic  Educational Web	[]
2007	https://arxiv.org/abs/cs.IR/0703131	Open Access Scientometrics and the UK Research Assessment Exercise	[]
2006	https://arxiv.org/abs/cs.HC/0612022	Both Generic Design and Different Forms of Designing	[]
2001	https://arxiv.org/abs/cs.CY/0109037	Antitrust, Intellectual Property and Standard-Setting Organizations	[]
2000	https://arxiv.org/abs/cs.CL/0007012	Using Learning-based Filters to Detect Rule-based Filtering Obsolescence	[]
2005	https://arxiv.org/abs/cs.MM/0504106	A Distributed Multimedia Communication System and its Applications to  E-Learning	[]
2006	https://arxiv.org/abs/cs.CL/0609066	Building and displaying name relations using automatic unsupervised  analysis of newspaper articles	[]
2006	https://arxiv.org/abs/cs.AI/0601052	Artificial and Biological Intelligence	[]
2002	https://arxiv.org/abs/cs.LG/0212039	Low Size-Complexity Inductive Logic Programming: The East-West Challenge  Considered as a Problem in Cost-Sensitive Classification	[]
2001	https://arxiv.org/abs/cs.CY/0109104	Universal Service in times of Reform: Affordability and accessibility of  telecommunication services in Latin America	[]
2003	https://arxiv.org/abs/cs.AI/0303017	A Neural Network Assembly Memory Model with Maximum-Likelihood Recall  and Recognition Properties	[]
2005	https://arxiv.org/abs/cs.CL/0504074	Metalinguistic Information Extraction for Terminology	[]
2003	https://arxiv.org/abs/cs.CL/0306099	An Improved k-Nearest Neighbor Algorithm for Text Categorization	[]
2004	https://arxiv.org/abs/cs.MA/0407025	An agent framework for dynamic agent retraining: Agent academy	[]
1998	https://arxiv.org/abs/cs.DL/9812020	The Computing Research Repository: Promoting the Rapid Dissemination and  Archiving of Computer Science Research	[]
2007	https://arxiv.org/abs/cs.DL/0702103	Exploring the academic invisible web	[]
2005	https://arxiv.org/abs/cs.DL/0508082	The Structure of Collaborative Tagging Systems	[]
2006	https://arxiv.org/abs/cs.NE/0601129	Instantaneously Trained Neural Networks	[]
2006	https://arxiv.org/abs/cs.CL/0609065	Geocoding multilingual texts: Recognition, disambiguation and  visualisation	[]
2004	https://arxiv.org/abs/cs.CY/0409021	Should Cyberspace Chat Rooms be closed to protect Children?	[]
2002	https://arxiv.org/abs/cs.CE/0208016	A note on fractional derivative modeling of broadband  frequency-dependent absorption: Model III	[]
2006	https://arxiv.org/abs/cs.CL/0609051	Multilingual person name recognition and transliteration	[]
2007	https://arxiv.org/abs/cs.AI/0703060	Redesigning Decision Matrix Method with an indeterminacy-based inference  process	[]
2006	https://arxiv.org/abs/cs.DC/0611148	Next Generation Language Resources using GRID	[]
1998	https://arxiv.org/abs/cs.DL/9812016	Making the most of electronic journals	[]
2007	https://arxiv.org/abs/cs.MS/0703040	Why the Standard Data Processing should be changed	[]
2001	https://arxiv.org/abs/cs.CR/0109089	What Should be Hidden and Open in Computer Security: Lessons from  Deception, the Art of War, Law, and Economic Theory	[]
2003	https://arxiv.org/abs/cs.NE/0306125	Predicting Response-Function Results of Electrical/Mechanical Systems  Through Artificial Neural Network	[]
2004	https://arxiv.org/abs/cs.CY/0408005	Educational Content Management - A Cellular Approach	[]
2006	https://arxiv.org/abs/cs.OH/0606046	Authorised Translations of Electronic Documents	[]
2004	https://arxiv.org/abs/cs.CL/0411074	Building Chinese Lexicons from Scratch by Unsupervised Short Document  Self-Segmentation	[]
2004	https://arxiv.org/abs/cs.DC/0404027	The Gridbus Toolkit for Service Oriented Grid and Utility Computing: An  Overview and Status Report	[]
2006	https://arxiv.org/abs/cs.DC/0603036	Health-e-Child : An Integrated Biomedical Platform for Grid-Based  Paediatric Applications	['Health']
2018	https://arxiv.org/abs/1811.11400	FADL:Federated-Autonomous Deep Learning for Distributed Electronic  Health Record	['Health']
2018	https://arxiv.org/abs/1803.05011	A Probabilistic Disease Progression Model for Predicting Future Clinical  Outcome	['Disease', 'Clinical']
2003	https://arxiv.org/abs/cs.CC/0305048	2D Electrophoresis Gel Image and Diagnosis of a Disease	['Disease']
2018	https://arxiv.org/abs/1809.07245	Fuzzy Based Wellness Analyzer	['Wellness']
2018	https://arxiv.org/abs/1805.06665	Classifying medical relations in clinical text via convolutional neural  networks	['medical', 'clinical']
2018	https://arxiv.org/abs/1804.01486	Clinical Concept Embeddings Learned from Massive Sources of Multimodal  Medical Data	['Medical', 'Clinical']
2004	https://arxiv.org/abs/cs.DC/0405074	MammoGrid: A Service Oriented Architecture based Medical Grid Application	['Medical']
2018	https://arxiv.org/abs/1808.06452	Reproducible evaluation of classification methods in Alzheimer's  disease: framework and application to MRI and PET data	['disease']
2016	https://arxiv.org/abs/1602.00357	DeepCare: A Deep Dynamic Memory Model for Predictive Medicine	['Medicine']
2018	https://arxiv.org/abs/1807.03876	Deep learning for comprehensive forecasting of Alzheimer's Disease  progression	['Disease']
2016	https://arxiv.org/abs/1608.05910	Mining of health and disease events on Twitter: validating search  protocols within the setting of Indonesia	['disease', 'health']
2018	https://arxiv.org/abs/1810.08553	Federated Learning in Distributed Medical Databases: Meta-Analysis of  Large-Scale Subcortical Brain Data	['Medical']
2018	https://arxiv.org/abs/1809.00348	Development of a Medical Tele-Management System for Post-Discharge  Patients of Chronic Diseases in Resource-Constrained Settings	['Disease', 'Medical']
2018	https://arxiv.org/abs/1812.11560	Monte-Carlo Sampling applied to Multiple Instance Learning for  Histological Image Classification	[]
2005	https://arxiv.org/abs/cs.NE/0504070	The Combined Technique for Detection of Artifacts in Clinical  Electroencephalograms of Sleeping Newborns	['Clinical']
2019	https://arxiv.org/abs/1901.00592	Interactions between Causal Structures in Graph Rewriting Systems	[]
2018	https://arxiv.org/abs/1811.07985	Deep Learning for Automated Classification of Tuberculosis-Related Chest  X-Ray: Dataset Specificity Limits Diagnostic Performance Generalizability	[]
2018	https://arxiv.org/abs/1901.00449	Instant Automated Inference of Perceived Mental Stress through  Smartphone PPG and Thermal Imaging	[]
2018	https://arxiv.org/abs/1812.06090	Humanoid Robot-Application and Influence	[]
2018	https://arxiv.org/abs/1811.05105	Neuroimaging Modality Fusion in Alzheimer's Classification Using  Convolutional Neural Networks	[]
2015	https://arxiv.org/abs/1511.05942	Doctor AI: Predicting Clinical Events via Recurrent Neural Networks	['Clinical', 'Doctor']
2018	https://arxiv.org/abs/1812.03684	Guided Graph Spectral Embedding: Application to the C. elegans  Connectome	[]
2018	https://arxiv.org/abs/1812.04922	Separation of water and fat signal in whole-body gradient echo scans  using convolutional neural networks	[]
2018	https://arxiv.org/abs/1810.12627	An architecture of open-source tools to combine textual information  extraction, faceted search and information visualisation	[]
2018	https://arxiv.org/abs/1812.02129	Toward Exploratory Search in Biomedicine: Evaluating Document Clusters  by MeSH as a Semantic Anchor	[]
2018	https://arxiv.org/abs/1808.03604	Disease Progression Timeline Estimation for Alzheimer's Disease using  Discriminative Event Based Modeling	['Disease']
2016	https://arxiv.org/abs/1605.02029	Shaping the Future through Innovations: From Medical Imaging to  Precision Medicine	['Medicine', 'Medical']
2017	https://arxiv.org/abs/1705.00995	Fuzzy Approach Topic Discovery in Health and Medical Corpora	['Medical', 'Health']
2014	https://arxiv.org/abs/1407.6094	Stabilizing Sparse Cox Model using Clinical Structures in Electronic  Medical Records	['Medical', 'Clinical']
2018	https://arxiv.org/abs/1801.07860	Scalable and accurate deep learning for electronic health records	['health']
2018	https://arxiv.org/abs/1808.05205	Building medical image classifiers with very limited data using  segmentation networks	['medical']
2017	https://arxiv.org/abs/1702.06831	Using Redescription Mining to Relate Clinical and Biological  Characteristics of Cognitively Impaired and Alzheimer's Disease Patients	['Disease', 'Clinical']
2018	https://arxiv.org/abs/1801.07782	The Role of Spreadsheets in Clinical Decision Support: A Survey of the  Medical Algorithms Company User Community	['Medical', 'Clinical']
2016	https://arxiv.org/abs/1609.01586	A Bootstrap Machine Learning Approach to Identify Rare Disease Patients  from Electronic Health Records	['Disease', 'Health']
2018	https://arxiv.org/abs/1811.04662	Detection of REM Sleep Behaviour Disorder by Automated Polysomnography  Analysis	[]
2017	https://arxiv.org/abs/1707.08454	Making the best of data derived from a daily practice in clinical legal  medicine for research and practice - the example of Spe3dLab	['medicine', 'clinical']
2017	https://arxiv.org/abs/1706.08491	Cognitive Subscore Trajectory Prediction in Alzheimer's Disease	['Disease']
2018	https://arxiv.org/abs/1810.08881	Automated identification of hookahs (waterpipes) on Instagram: an  application in feature extraction using Convolutional Neural Network and  Support Vector Machine classification	[]
2018	https://arxiv.org/abs/1811.03809	Football and Beer - a Social Media Analysis on Twitter in Context of the  FIFA Football World Cup 2018	[]
2007	https://arxiv.org/abs/0710.0871	Spreadsheets in Clinical Medicine	['Medicine', 'Clinical']
2017	https://arxiv.org/abs/1708.04681	Identifying Harm Events in Clinical Care through Medical Narratives	['Medical', 'Clinical']
2016	https://arxiv.org/abs/1610.02633	Enabling Medical Translation for Low-Resource Languages	['Medical']
2017	https://arxiv.org/abs/1711.04126	Adversarial Training for Disease Prediction from Electronic Health  Records with Missing Data	['Disease', 'Health']
2004	https://arxiv.org/abs/cs.DC/0412035	Deployment of a Grid-based Medical Imaging Application	['Medical']
2018	https://arxiv.org/abs/1807.01748	Significant acceleration of development by automating quality assurance  of a medical particle accelerator safety system using a formal language  driven test stand	['medical']
2018	https://arxiv.org/abs/1806.03019	3D FCN Feature Driven Regression Forest-Based Pancreas Localization and  Segmentation	[]
2018	https://arxiv.org/abs/1802.00382	Classifying medical notes into standard disease codes using Machine  Learning	['medical', 'disease']
2018	https://arxiv.org/abs/1803.00451	Developing a functional prototype master patient index (MPI) for  interoperability of e-health systems in Sri Lanka	['health']
2018	https://arxiv.org/abs/1806.10419	MTBI Identification From Diffusion MR Images Using Bag of Adversarial  Visual Features	[]
2017	https://arxiv.org/abs/1706.09407	Enabling Prescription-based Health Apps	['Health']
2018	https://arxiv.org/abs/1807.08388	Real-Time Patient-Specific Lung Radiotherapy Targeting using Deep  Learning	[]
2018	https://arxiv.org/abs/1808.05668	Predicting Human Trustfulness from Facebook Language	[]
2018	https://arxiv.org/abs/1809.10635	Generative replay with feedback connections as a general strategy for  continual learning	[]
2017	https://arxiv.org/abs/1710.11048	Demographics in Social Media Data for Public Health Research: Does it  matter?	['Health']
2018	https://arxiv.org/abs/1807.06604	A Fast Segmentation-free Fully Automated Approach to White Matter Injury  Detection in Preterm Infants	[]
2018	https://arxiv.org/abs/1807.10588	A Modality-Adaptive Method for Segmenting Brain Tumors and  Organs-at-Risk in Radiation Therapy Planning	[]
2018	https://arxiv.org/abs/1806.08518	Emotion-Recognition Using Smart Watch Sensor Data: Mixed-Design Study	[]
2016	https://arxiv.org/abs/1611.04491	Ranking medical jargon in electronic health record notes by adapted  distant supervision	['medical', 'health']
2016	https://arxiv.org/abs/1606.07953	Bidirectional Recurrent Neural Networks for Medical Event Detection in  Electronic Health Records	['Medical', 'Health']
